CREATE TABLE ACL_SID(
ID BIGINT GENERATED BY DEFAULT AS IDENTITY(START WITH 100) NOT NULL PRIMARY KEY,
PRINCIPAL BOOLEAN NOT NULL,
SID VARCHAR_IGNORECASE(100) NOT NULL,
CONSTRAINT UNIQUE_UK_1 UNIQUE(SID,PRINCIPAL));

INSERT INTO ACL_SID VALUES (1, TRUE, 'MARISSA');
INSERT INTO ACL_SID VALUES (2, TRUE, 'DIANNE');
INSERT INTO ACL_SID VALUES (3, TRUE, 'SCOTT');
INSERT INTO ACL_SID VALUES (4, TRUE, 'PETER');

CREATE TABLE ACL_CLASS(
ID BIGINT GENERATED BY DEFAULT AS IDENTITY(START WITH 100) NOT NULL PRIMARY KEY,
CLASS VARCHAR_IGNORECASE(100) NOT NULL,
CONSTRAINT UNIQUE_UK_2 UNIQUE(CLASS));

INSERT INTO ACL_CLASS VALUES (1, 'sample.contact.Contact');

CREATE TABLE ACL_OBJECT_IDENTITY(
ID BIGINT GENERATED BY DEFAULT AS IDENTITY(START WITH 100) NOT NULL PRIMARY KEY,
OBJECT_ID_CLASS BIGINT NOT NULL,
OBJECT_ID_IDENTITY BIGINT NOT NULL,
PARENT_OBJECT BIGINT,
OWNER_SID BIGINT,
ENTRIES_INHERITING BOOLEAN NOT NULL,
CONSTRAINT UNIQUE_UK_3 UNIQUE(OBJECT_ID_CLASS,OBJECT_ID_IDENTITY),
CONSTRAINT FOREIGN_FK_1 FOREIGN KEY(PARENT_OBJECT)REFERENCES ACL_OBJECT_IDENTITY(ID),
CONSTRAINT FOREIGN_FK_2 FOREIGN KEY(OBJECT_ID_CLASS)REFERENCES ACL_CLASS(ID),
CONSTRAINT FOREIGN_FK_3 FOREIGN KEY(OWNER_SID)REFERENCES ACL_SID(ID));

INSERT INTO ACL_OBJECT_IDENTITY VALUES (1, 1, 1, NULL, 1, TRUE);
INSERT INTO ACL_OBJECT_IDENTITY VALUES (2, 1, 2, 1, 2, TRUE);
INSERT INTO ACL_OBJECT_IDENTITY VALUES (3, 1, 3, 1, 1, FALSE);
INSERT INTO ACL_OBJECT_IDENTITY VALUES (4, 1, 4, 1, 2, TRUE);
INSERT INTO ACL_OBJECT_IDENTITY VALUES (5, 1, 5, 1, 2, FALSE);
INSERT INTO ACL_OBJECT_IDENTITY VALUES (6, 1, 6, NULL, 1, TRUE);

CREATE TABLE ACL_ENTRY(
ID BIGINT GENERATED BY DEFAULT AS IDENTITY(START WITH 100) NOT NULL PRIMARY KEY,
ACL_OBJECT_IDENTITY BIGINT NOT NULL,
ACE_ORDER INT NOT NULL,
SID BIGINT NOT NULL,
MASK INTEGER NOT NULL,
GRANTING BOOLEAN NOT NULL,
AUDIT_SUCCESS BOOLEAN NOT NULL,
AUDIT_FAILURE BOOLEAN NOT NULL,
CONSTRAINT UNIQUE_UK_4 UNIQUE(ACL_OBJECT_IDENTITY,ACE_ORDER),
CONSTRAINT FOREIGN_FK_4 FOREIGN KEY(ACL_OBJECT_IDENTITY) REFERENCES ACL_OBJECT_IDENTITY(ID),
CONSTRAINT FOREIGN_FK_5 FOREIGN KEY(SID) REFERENCES ACL_SID(ID));

INSERT INTO ACL_ENTRY VALUES (1, 1, 1, 2, 8, TRUE, FALSE, FALSE);
INSERT INTO ACL_ENTRY VALUES (2, 1, 2, 1, 2, TRUE, FALSE, FALSE);
INSERT INTO ACL_ENTRY VALUES (3, 1, 3, 3, 8, TRUE, FALSE, FALSE);
INSERT INTO ACL_ENTRY VALUES (4, 2, 1, 3, 4, TRUE, FALSE, FALSE);
INSERT INTO ACL_ENTRY VALUES (5, 2, 2, 4, 8, TRUE, FALSE, FALSE);
INSERT INTO ACL_ENTRY VALUES (6, 3, 1, 3, 8, TRUE, FALSE, FALSE);
INSERT INTO ACL_ENTRY VALUES (7, 3, 2, 4, 8, TRUE, FALSE, FALSE);
INSERT INTO ACL_ENTRY VALUES (8, 3, 3, 1, 8, FALSE, FALSE, FALSE);
INSERT INTO ACL_ENTRY VALUES (9, 4, 1, 4, 8, TRUE, FALSE, FALSE);
INSERT INTO ACL_ENTRY VALUES (10, 5, 1, 2, 8, TRUE, FALSE, FALSE);
INSERT INTO ACL_ENTRY VALUES (11, 5, 2, 3, 8, FALSE, TRUE, TRUE);
INSERT INTO ACL_ENTRY VALUES (12, 5, 3, 1, 8, TRUE, FALSE, FALSE);
INSERT INTO ACL_ENTRY VALUES (13, 5, 4, 4, 8, TRUE, FALSE, FALSE);
INSERT INTO ACL_ENTRY VALUES (14, 6, 1, 2, 1, TRUE, FALSE, FALSE);
INSERT INTO ACL_ENTRY VALUES (15, 6, 2, 1, 2, TRUE, FALSE, FALSE);
INSERT INTO ACL_ENTRY VALUES (16, 6, 3, 2, 4, TRUE, FALSE, FALSE);
INSERT INTO ACL_ENTRY VALUES (17, 6, 4, 3, 2, TRUE, FALSE, FALSE);
INSERT INTO ACL_ENTRY VALUES (18, 6, 5, 3, 1, TRUE, FALSE, FALSE);
INSERT INTO ACL_ENTRY VALUES (19, 6, 6, 4, 4, TRUE, FALSE, FALSE);
INSERT INTO ACL_ENTRY VALUES (20, 6, 7, 4, 2, TRUE, FALSE, FALSE);
